# REQ-019 v3 shared-state gate — fork-1500 (SHA ebf53cd, serialized eos_shared_base state)
# box: qvgl1eq (8xH100), all 6 arms on base node (9.9GB eos_shared_state not cross-node-copied; spec permits base-node-only)
# GATE VERDICT: PASS (all three checks)
#
# (1) sha256 model_step001500.pt — expect identical across all 6 arms
arm	fork	multiplier	sha256_model_step001500	verdict
s060	1500	0.60	3d9560ea86d8f7a930a946e3ad92917ffdaf772c40c94d604bfcd1aa3f96cb1f	OK
s077	1500	0.77	3d9560ea86d8f7a930a946e3ad92917ffdaf772c40c94d604bfcd1aa3f96cb1f	OK
s100	1500	1.00	3d9560ea86d8f7a930a946e3ad92917ffdaf772c40c94d604bfcd1aa3f96cb1f	OK
s100dup	1500	1.00	3d9560ea86d8f7a930a946e3ad92917ffdaf772c40c94d604bfcd1aa3f96cb1f	OK
s130	1500	1.30	3d9560ea86d8f7a930a946e3ad92917ffdaf772c40c94d604bfcd1aa3f96cb1f	OK
s170	1500	1.70	3d9560ea86d8f7a930a946e3ad92917ffdaf772c40c94d604bfcd1aa3f96cb1f	OK
# unique-hash count = 1  -> PASS
#
# (2) max tensorwise abs-diff, model_step001500 s060 vs s170: 0.000e+00 (185/185 keys, symdiff 0) -> PASS
#
# (3) LR of every optimizer group at first fork update (step 1500) = base x multiplier
# base LRs (mult 1.00, s100): embed=0.7  proj=0.004  blocks=0.025  other=0.015
arm	mult	embed.weight	proj.weight	blocks.*.weight	.*(other)	verdict
s060	0.60	0.42	0.0024	0.015	0.009	OK
s077	0.77	0.539	0.00308	0.01925	0.01155	OK
s100	1.00	0.7	0.004	0.025	0.015	OK
s100dup	1.00	0.7	0.004	0.025	0.015	OK
s130	1.30	0.91	0.0052	0.0325	0.0195	OK
s170	1.70	1.19	0.0068	0.0425	0.0255	OK
# every group = base x mult exactly -> PASS
