candidate	step	seed	bimaxwell_val	candidate_val	diff_bimaxwell_minus_candidate
expann_b0p982_b0p944	0	0	3.64974	3.64974	+0.000000
expann_b0p982_b0p944	0	1	3.65102	3.65102	+0.000000
expann_b0p982_b0p944	0	2	3.65366	3.65366	+0.000000
expann_b0p982_b0p944	0	3	3.65225	3.65225	+0.000000
expann_b0p982_b0p944	1125	0	3.60197	3.65544	-0.053470
expann_b0p982_b0p944	1125	1	3.60103	3.65528	-0.054250
expann_b0p982_b0p944	1125	2	3.60412	3.65666	-0.052540
expann_b0p982_b0p944	1125	3	3.60093	3.65527	-0.054340
expann_b0p982_b0p944	1250	0	3.57055	3.60502	-0.034470
expann_b0p982_b0p944	1250	1	3.57031	3.60465	-0.034340
expann_b0p982_b0p944	1250	2	3.57241	3.60750	-0.035090
expann_b0p982_b0p944	1250	3	3.57068	3.60553	-0.034850
expann_b0p982_b0p944	1375	0	3.54693	3.56983	-0.022900
expann_b0p982_b0p944	1375	1	3.54627	3.57034	-0.024070
expann_b0p982_b0p944	1375	2	3.54694	3.57067	-0.023730
expann_b0p982_b0p944	1375	3	3.54808	3.57120	-0.023120
expann_b0p982_b0p944	1500	0	3.52295	3.53737	-0.014420
expann_b0p982_b0p944	1500	1	3.52388	3.53686	-0.012980
expann_b0p982_b0p944	1500	2	3.52141	3.53873	-0.017320
expann_b0p982_b0p944	1500	3	3.52218	3.53815	-0.015970
expann_b0p982_b0p944	1625	0	3.50370	3.51324	-0.009540
expann_b0p982_b0p944	1625	1	3.50094	3.51245	-0.011510
expann_b0p982_b0p944	1625	2	3.50347	3.51366	-0.010190
expann_b0p982_b0p944	1625	3	3.50417	3.51383	-0.009660
expann_b0p982_b0p944	1750	0	3.48274	3.48787	-0.005130
expann_b0p982_b0p944	1750	1	3.48137	3.48772	-0.006350
expann_b0p982_b0p944	1750	2	3.48196	3.48914	-0.007180
expann_b0p982_b0p944	1750	3	3.48299	3.48905	-0.006060
expann_b0p982_b0p944	1875	0	3.46179	3.46710	-0.005310
expann_b0p982_b0p944	1875	1	3.46211	3.46539	-0.003280
expann_b0p982_b0p944	1875	2	3.46269	3.46745	-0.004760
expann_b0p982_b0p944	1875	3	3.46415	3.46810	-0.003950
expann_b0p982_b0p944	2000	0	3.44234	3.44465	-0.002310
expann_b0p982_b0p944	2000	1	3.44282	3.44445	-0.001630
expann_b0p982_b0p944	2000	2	3.44335	3.44528	-0.001930
expann_b0p982_b0p944	2000	3	3.44413	3.44595	-0.001820
expann_b0p982_b0p944	2125	0	3.42481	3.42539	-0.000580
expann_b0p982_b0p944	2125	1	3.42506	3.42542	-0.000360
expann_b0p982_b0p944	2125	2	3.42619	3.42599	+0.000200
expann_b0p982_b0p944	2125	3	3.42596	3.42632	-0.000360
expann_b0p982_b0p944	2250	0	3.40680	3.40597	+0.000830
expann_b0p982_b0p944	2250	1	3.40678	3.40607	+0.000710
expann_b0p982_b0p944	2250	2	3.40748	3.40655	+0.000930
expann_b0p982_b0p944	2250	3	3.40858	3.40726	+0.001320
expann_b0p982_b0p944	2375	0	3.38940	3.38811	+0.001290
expann_b0p982_b0p944	2375	1	3.38942	3.38789	+0.001530
expann_b0p982_b0p944	2375	2	3.39012	3.38838	+0.001740
expann_b0p982_b0p944	2375	3	3.39109	3.38877	+0.002320
expann_b0p982_b0p944	2500	0	3.37196	3.36942	+0.002540
expann_b0p982_b0p944	2500	1	3.37207	3.36934	+0.002730
expann_b0p982_b0p944	2500	2	3.37270	3.36988	+0.002820
expann_b0p982_b0p944	2500	3	3.37307	3.37084	+0.002230
expann_b0p982_b0p944	2625	0	3.35307	3.35028	+0.002790
expann_b0p982_b0p944	2625	1	3.35347	3.35049	+0.002980
expann_b0p982_b0p944	2625	2	3.35412	3.35095	+0.003170
expann_b0p982_b0p944	2625	3	3.35420	3.35139	+0.002810
expann_b0p982_b0p944	2750	0	3.33536	3.33259	+0.002770
expann_b0p982_b0p944	2750	1	3.33537	3.33226	+0.003110
expann_b0p982_b0p944	2750	2	3.33586	3.33287	+0.002990
expann_b0p982_b0p944	2750	3	3.33657	3.33358	+0.002990
expann_b0p982_b0p944	2875	0	3.31730	3.31473	+0.002570
expann_b0p982_b0p944	2875	1	3.31732	3.31458	+0.002740
expann_b0p982_b0p944	2875	2	3.31791	3.31523	+0.002680
expann_b0p982_b0p944	2875	3	3.31868	3.31584	+0.002840
expann_b0p982_b0p944	2900	0	3.31351	3.31112	+0.002390
expann_b0p982_b0p944	2900	1	3.31344	3.31101	+0.002430
expann_b0p982_b0p944	2900	2	3.31424	3.31182	+0.002420
expann_b0p982_b0p944	2900	3	3.31484	3.31252	+0.002320
expann_b0p982_b0p944	2910	0	3.31193	3.30955	+0.002380
expann_b0p982_b0p944	2910	1	3.31178	3.30943	+0.002350
expann_b0p982_b0p944	2910	2	3.31259	3.31018	+0.002410
expann_b0p982_b0p944	2910	3	3.31329	3.31089	+0.002400
expann_b0p982_b0p944	2920	0	3.31069	3.30818	+0.002510
expann_b0p982_b0p944	2920	1	3.31041	3.30782	+0.002590
expann_b0p982_b0p944	2920	2	3.31116	3.30859	+0.002570
expann_b0p982_b0p944	2920	3	3.31177	3.30935	+0.002420
expann_b0p982_b0p944	2925	0	3.30985	3.30753	+0.002320
expann_b0p982_b0p944	2925	1	3.30968	3.30730	+0.002380
expann_b0p982_b0p944	2925	2	3.31045	3.30802	+0.002430
expann_b0p982_b0p944	2925	3	3.31082	3.30857	+0.002250
expann_b0p982_b0p944	2930	0	3.30956	3.30715	+0.002410
expann_b0p982_b0p944	2930	1	3.30932	3.30689	+0.002430
expann_b0p982_b0p944	2930	2	3.31022	3.30768	+0.002540
expann_b0p982_b0p944	2930	3	3.31083	3.30832	+0.002510
expann_b0p982_b0p944	2940	0	3.30775	3.30578	+0.001970
expann_b0p982_b0p944	2940	1	3.30789	3.30558	+0.002310
expann_b0p982_b0p944	2940	2	3.30866	3.30648	+0.002180
expann_b0p982_b0p944	2940	3	3.30905	3.30686	+0.002190
expann_b0p982_b0p944	2950	0	3.30658	3.30428	+0.002300
expann_b0p982_b0p944	2950	1	3.30640	3.30407	+0.002330
expann_b0p982_b0p944	2950	2	3.30728	3.30492	+0.002360
expann_b0p982_b0p944	2950	3	3.30771	3.30534	+0.002370
expann_b0p982_b0p944	2960	0	3.30517	3.30286	+0.002310
expann_b0p982_b0p944	2960	1	3.30508	3.30277	+0.002310
expann_b0p982_b0p944	2960	2	3.30578	3.30345	+0.002330
expann_b0p982_b0p944	2960	3	3.30616	3.30398	+0.002180
expann_b0p982_b0p944	2970	0	3.30355	3.30143	+0.002120
expann_b0p982_b0p944	2970	1	3.30362	3.30143	+0.002190
expann_b0p982_b0p944	2970	2	3.30425	3.30202	+0.002230
expann_b0p982_b0p944	2970	3	3.30475	3.30251	+0.002240
expann_b0p982_b0p944	2975	0	3.30301	3.30094	+0.002070
expann_b0p982_b0p944	2975	1	3.30319	3.30093	+0.002260
expann_b0p982_b0p944	2975	2	3.30378	3.30148	+0.002300
expann_b0p982_b0p944	2975	3	3.30421	3.30203	+0.002180
expann_b0p982_b0p944	2980	0	3.30230	3.30031	+0.001990
expann_b0p982_b0p944	2980	1	3.30256	3.30026	+0.002300
expann_b0p982_b0p944	2980	2	3.30305	3.30085	+0.002200
expann_b0p982_b0p944	2980	3	3.30371	3.30140	+0.002310
expann_b0p982_b0p944	2990	0	3.30128	3.29916	+0.002120
expann_b0p982_b0p944	2990	1	3.30148	3.29930	+0.002180
expann_b0p982_b0p944	2990	2	3.30206	3.29983	+0.002230
expann_b0p982_b0p944	2990	3	3.30269	3.30036	+0.002330
expann_b0p982_b0p944	3000	0	3.30000	3.29796	+0.002040
expann_b0p982_b0p944	3000	1	3.29996	3.29786	+0.002100
expann_b0p982_b0p944	3000	2	3.30068	3.29859	+0.002090
expann_b0p982_b0p944	3000	3	3.30108	3.29912	+0.001960
expann_b0p982_b0p944	3010	0	3.29836	3.29664	+0.001720
expann_b0p982_b0p944	3010	1	3.29847	3.29647	+0.002000
expann_b0p982_b0p944	3010	2	3.29916	3.29720	+0.001960
expann_b0p982_b0p944	3010	3	3.29965	3.29770	+0.001950
expann_b0p982_b0p944	3020	0	3.29659	3.29494	+0.001650
expann_b0p982_b0p944	3020	1	3.29668	3.29489	+0.001790
expann_b0p982_b0p944	3020	2	3.29742	3.29565	+0.001770
expann_b0p982_b0p944	3020	3	3.29786	3.29610	+0.001760
expann_b0p982_b0p944	3025	0	3.29569	3.29413	+0.001560
expann_b0p982_b0p944	3025	1	3.29594	3.29410	+0.001840
expann_b0p982_b0p944	3025	2	3.29653	3.29479	+0.001740
expann_b0p982_b0p944	3025	3	3.29694	3.29532	+0.001620
expann_b0p982_b0p944	3030	0	3.29505	3.29342	+0.001630
expann_b0p982_b0p944	3030	1	3.29522	3.29338	+0.001840
expann_b0p982_b0p944	3030	2	3.29573	3.29403	+0.001700
expann_b0p982_b0p944	3030	3	3.29625	3.29463	+0.001620
expann_b0p982_b0p944	3040	0	3.29378	3.29212	+0.001660
expann_b0p982_b0p944	3040	1	3.29391	3.29209	+0.001820
expann_b0p982_b0p944	3040	2	3.29450	3.29275	+0.001750
expann_b0p982_b0p944	3040	3	3.29488	3.29325	+0.001630
expann_b0p982_b0p944	3050	0	3.29266	3.29112	+0.001540
expann_b0p982_b0p944	3050	1	3.29279	3.29103	+0.001760
expann_b0p982_b0p944	3050	2	3.29340	3.29169	+0.001710
expann_b0p982_b0p944	3050	3	3.29387	3.29225	+0.001620
expann_b0p982_b0p944	3060	0	3.29175	3.29034	+0.001410
expann_b0p982_b0p944	3060	1	3.29191	3.29017	+0.001740
expann_b0p982_b0p944	3060	2	3.29245	3.29092	+0.001530
expann_b0p982_b0p944	3060	3	3.29289	3.29145	+0.001440
expann_b0p982_b0p944	3070	0	3.29029	3.28902	+0.001270
expann_b0p982_b0p944	3070	1	3.29040	3.28891	+0.001490
expann_b0p982_b0p944	3070	2	3.29091	3.28950	+0.001410
expann_b0p982_b0p944	3070	3	3.29131	3.29010	+0.001210
expann_b0p982_b0p944	3075	0	3.28965	3.28832	+0.001330
expann_b0p982_b0p944	3075	1	3.28979	3.28826	+0.001530
expann_b0p982_b0p944	3075	2	3.29029	3.28882	+0.001470
expann_b0p982_b0p944	3075	3	3.29072	3.28938	+0.001340
expann_b0p982_b0p944	3080	0	3.28901	3.28780	+0.001210
expann_b0p982_b0p944	3080	1	3.28910	3.28768	+0.001420
expann_b0p982_b0p944	3080	2	3.28966	3.28836	+0.001300
expann_b0p982_b0p944	3080	3	3.29008	3.28883	+0.001250
expann_b0p982_b0p944	3090	0	3.28799	3.28680	+0.001190
expann_b0p982_b0p944	3090	1	3.28801	3.28664	+0.001370
expann_b0p982_b0p944	3090	2	3.28862	3.28725	+0.001370
expann_b0p982_b0p944	3090	3	3.28905	3.28782	+0.001230
expann_b0p982_b0p944	3100	0	3.28672	3.28552	+0.001200
expann_b0p982_b0p944	3100	1	3.28680	3.28548	+0.001320
expann_b0p982_b0p944	3100	2	3.28736	3.28604	+0.001320
expann_b0p982_b0p944	3100	3	3.28795	3.28679	+0.001160
expann_b0p982_b0p944	3110	0	3.28569	3.28457	+0.001120
expann_b0p982_b0p944	3110	1	3.28579	3.28448	+0.001310
expann_b0p982_b0p944	3110	2	3.28638	3.28507	+0.001310
expann_b0p982_b0p944	3110	3	3.28670	3.28574	+0.000960
expann_b0p982_b0p944	3120	0	3.28465	3.28367	+0.000980
expann_b0p982_b0p944	3120	1	3.28475	3.28357	+0.001180
expann_b0p982_b0p944	3120	2	3.28528	3.28414	+0.001140
expann_b0p982_b0p944	3120	3	3.28572	3.28479	+0.000930
expann_b0p982_b0p944	3125	0	3.28403	3.28315	+0.000880
expann_b0p982_b0p944	3125	1	3.28415	3.28304	+0.001110
expann_b0p982_b0p944	3125	2	3.28466	3.28356	+0.001100
expann_b0p982_b0p944	3125	3	3.28511	3.28424	+0.000870
expann_b0p982_b0p944	3130	0	3.28339	3.28247	+0.000920
expann_b0p982_b0p944	3130	1	3.28347	3.28241	+0.001060
expann_b0p982_b0p944	3130	2	3.28408	3.28298	+0.001100
expann_b0p982_b0p944	3130	3	3.28458	3.28368	+0.000900
expann_b0p982_b0p944	3140	0	3.28230	3.28153	+0.000770
expann_b0p982_b0p944	3140	1	3.28240	3.28150	+0.000900
expann_b0p982_b0p944	3140	2	3.28300	3.28203	+0.000970
expann_b0p982_b0p944	3140	3	3.28342	3.28267	+0.000750
expann_b0p982_b0p944	3150	0	3.28132	3.28058	+0.000740
expann_b0p982_b0p944	3150	1	3.28141	3.28049	+0.000920
expann_b0p982_b0p944	3150	2	3.28201	3.28110	+0.000910
expann_b0p982_b0p944	3150	3	3.28244	3.28170	+0.000740
expann_b0p982_b0p944	3160	0	3.28037	3.27974	+0.000630
expann_b0p982_b0p944	3160	1	3.28048	3.27965	+0.000830
expann_b0p982_b0p944	3160	2	3.28100	3.28020	+0.000800
expann_b0p982_b0p944	3160	3	3.28150	3.28088	+0.000620
expann_b0p982_b0p944	3170	0	3.27954	3.27892	+0.000620
expann_b0p982_b0p944	3170	1	3.27966	3.27883	+0.000830
expann_b0p982_b0p944	3170	2	3.28022	3.27943	+0.000790
expann_b0p982_b0p944	3170	3	3.28071	3.28015	+0.000560
expann_b0p982_b0p944	3175	0	3.27907	3.27855	+0.000520
expann_b0p982_b0p944	3175	1	3.27919	3.27841	+0.000780
expann_b0p982_b0p944	3175	2	3.27975	3.27904	+0.000710
expann_b0p982_b0p944	3175	3	3.28024	3.27973	+0.000510
expann_b0p982_b0p944	3180	0	3.27872	3.27817	+0.000550
expann_b0p982_b0p944	3180	1	3.27886	3.27804	+0.000820
expann_b0p982_b0p944	3180	2	3.27939	3.27867	+0.000720
expann_b0p982_b0p944	3180	3	3.27985	3.27934	+0.000510
expann_b0p982_b0p944	3190	0	3.27786	3.27743	+0.000430
expann_b0p982_b0p944	3190	1	3.27800	3.27730	+0.000700
expann_b0p982_b0p944	3190	2	3.27852	3.27796	+0.000560
expann_b0p982_b0p944	3190	3	3.27900	3.27858	+0.000420
expann_b0p982_b0p944	3200	0	3.27713	3.27678	+0.000350
expann_b0p982_b0p944	3200	1	3.27727	3.27666	+0.000610
expann_b0p982_b0p944	3200	2	3.27781	3.27729	+0.000520
expann_b0p982_b0p944	3200	3	3.27828	3.27790	+0.000380
expann_b0p982_b0p944	3210	0	3.27651	3.27623	+0.000280
expann_b0p982_b0p944	3210	1	3.27664	3.27612	+0.000520
expann_b0p982_b0p944	3210	2	3.27719	3.27672	+0.000470
expann_b0p982_b0p944	3210	3	3.27766	3.27731	+0.000350
expann_b0p982_b0p944	3220	0	3.27595	3.27571	+0.000240
expann_b0p982_b0p944	3220	1	3.27606	3.27555	+0.000510
expann_b0p982_b0p944	3220	2	3.27662	3.27619	+0.000430
expann_b0p982_b0p944	3220	3	3.27707	3.27677	+0.000300
expann_b0p982_b0p944	3225	0	3.27572	3.27550	+0.000220
expann_b0p982_b0p944	3225	1	3.27584	3.27535	+0.000490
expann_b0p982_b0p944	3225	2	3.27641	3.27597	+0.000440
expann_b0p982_b0p944	3225	3	3.27685	3.27656	+0.000290
expann_b0p982_b0p944	3230	0	3.27555	3.27535	+0.000200
expann_b0p982_b0p944	3230	1	3.27568	3.27520	+0.000480
expann_b0p982_b0p944	3230	2	3.27624	3.27583	+0.000410
expann_b0p982_b0p944	3230	3	3.27670	3.27641	+0.000290
expann_b0p982_b0p944	3240	0	3.27525	3.27509	+0.000160
expann_b0p982_b0p944	3240	1	3.27537	3.27493	+0.000440
expann_b0p982_b0p944	3240	2	3.27593	3.27556	+0.000370
expann_b0p982_b0p944	3240	3	3.27638	3.27613	+0.000250
expann_b0p982_b0p944	3250	0	3.27511	3.27497	+0.000140
expann_b0p982_b0p944	3250	1	3.27524	3.27482	+0.000420
expann_b0p982_b0p944	3250	2	3.27579	3.27544	+0.000350
expann_b0p982_b0p944	3250	3	3.27625	3.27602	+0.000230
plann_pr357_kernel_control	0	0	3.64974	3.64974	+0.000000
plann_pr357_kernel_control	0	1	3.65102	3.65102	+0.000000
plann_pr357_kernel_control	0	2	3.65366	3.65366	+0.000000
plann_pr357_kernel_control	0	3	3.65225	3.65225	+0.000000
plann_pr357_kernel_control	1125	0	3.60197	3.64759	-0.045620
plann_pr357_kernel_control	1125	1	3.60103	3.64786	-0.046830
plann_pr357_kernel_control	1125	2	3.60412	3.64865	-0.044530
plann_pr357_kernel_control	1125	3	3.60093	3.64815	-0.047220
plann_pr357_kernel_control	1250	0	3.57055	3.59585	-0.025300
plann_pr357_kernel_control	1250	1	3.57031	3.59566	-0.025350
plann_pr357_kernel_control	1250	2	3.57241	3.59777	-0.025360
plann_pr357_kernel_control	1250	3	3.57068	3.59840	-0.027720
plann_pr357_kernel_control	1375	0	3.54693	3.56193	-0.015000
plann_pr357_kernel_control	1375	1	3.54627	3.55986	-0.013590
plann_pr357_kernel_control	1375	2	3.54694	3.56165	-0.014710
plann_pr357_kernel_control	1375	3	3.54808	3.56446	-0.016380
plann_pr357_kernel_control	1500	0	3.52295	3.52867	-0.005720
plann_pr357_kernel_control	1500	1	3.52388	3.52651	-0.002630
plann_pr357_kernel_control	1500	2	3.52141	3.52916	-0.007750
plann_pr357_kernel_control	1500	3	3.52218	3.52850	-0.006320
plann_pr357_kernel_control	1625	0	3.50370	3.50370	+0.000000
plann_pr357_kernel_control	1625	1	3.50094	3.50243	-0.001490
plann_pr357_kernel_control	1625	2	3.50347	3.50438	-0.000910
plann_pr357_kernel_control	1625	3	3.50417	3.50360	+0.000570
plann_pr357_kernel_control	1750	0	3.48274	3.47990	+0.002840
plann_pr357_kernel_control	1750	1	3.48137	3.47831	+0.003060
plann_pr357_kernel_control	1750	2	3.48196	3.47907	+0.002890
plann_pr357_kernel_control	1750	3	3.48299	3.48027	+0.002720
plann_pr357_kernel_control	1875	0	3.46179	3.45786	+0.003930
plann_pr357_kernel_control	1875	1	3.46211	3.45613	+0.005980
plann_pr357_kernel_control	1875	2	3.46269	3.45703	+0.005660
plann_pr357_kernel_control	1875	3	3.46415	3.45881	+0.005340
plann_pr357_kernel_control	2000	0	3.44234	3.43643	+0.005910
plann_pr357_kernel_control	2000	1	3.44282	3.43636	+0.006460
plann_pr357_kernel_control	2000	2	3.44335	3.43671	+0.006640
plann_pr357_kernel_control	2000	3	3.44413	3.43753	+0.006600
plann_pr357_kernel_control	2125	0	3.42481	3.41729	+0.007520
plann_pr357_kernel_control	2125	1	3.42506	3.41795	+0.007110
plann_pr357_kernel_control	2125	2	3.42619	3.41792	+0.008270
plann_pr357_kernel_control	2125	3	3.42596	3.41895	+0.007010
plann_pr357_kernel_control	2250	0	3.40680	3.39806	+0.008740
plann_pr357_kernel_control	2250	1	3.40678	3.39892	+0.007860
plann_pr357_kernel_control	2250	2	3.40748	3.39926	+0.008220
plann_pr357_kernel_control	2250	3	3.40858	3.39969	+0.008890
plann_pr357_kernel_control	2375	0	3.38940	3.38104	+0.008360
plann_pr357_kernel_control	2375	1	3.38942	3.38128	+0.008140
plann_pr357_kernel_control	2375	2	3.39012	3.38178	+0.008340
plann_pr357_kernel_control	2375	3	3.39109	3.38244	+0.008650
plann_pr357_kernel_control	2500	0	3.37196	3.36327	+0.008690
plann_pr357_kernel_control	2500	1	3.37207	3.36329	+0.008780
plann_pr357_kernel_control	2500	2	3.37270	3.36419	+0.008510
plann_pr357_kernel_control	2500	3	3.37307	3.36469	+0.008380
plann_pr357_kernel_control	2625	0	3.35307	3.34500	+0.008070
plann_pr357_kernel_control	2625	1	3.35347	3.34549	+0.007980
plann_pr357_kernel_control	2625	2	3.35412	3.34593	+0.008190
plann_pr357_kernel_control	2625	3	3.35420	3.34636	+0.007840
plann_pr357_kernel_control	2750	0	3.33536	3.32786	+0.007500
plann_pr357_kernel_control	2750	1	3.33537	3.32798	+0.007390
plann_pr357_kernel_control	2750	2	3.33586	3.32831	+0.007550
plann_pr357_kernel_control	2750	3	3.33657	3.32907	+0.007500
plann_pr357_kernel_control	2875	0	3.31730	3.31068	+0.006620
plann_pr357_kernel_control	2875	1	3.31732	3.31094	+0.006380
plann_pr357_kernel_control	2875	2	3.31791	3.31124	+0.006670
plann_pr357_kernel_control	2875	3	3.31868	3.31220	+0.006480
plann_pr357_kernel_control	2900	0	3.31351	3.30722	+0.006290
plann_pr357_kernel_control	2900	1	3.31344	3.30753	+0.005910
plann_pr357_kernel_control	2900	2	3.31424	3.30808	+0.006160
plann_pr357_kernel_control	2900	3	3.31484	3.30867	+0.006170
plann_pr357_kernel_control	2910	0	3.31193	3.30571	+0.006220
plann_pr357_kernel_control	2910	1	3.31178	3.30593	+0.005850
plann_pr357_kernel_control	2910	2	3.31259	3.30643	+0.006160
plann_pr357_kernel_control	2910	3	3.31329	3.30718	+0.006110
plann_pr357_kernel_control	2920	0	3.31069	3.30440	+0.006290
plann_pr357_kernel_control	2920	1	3.31041	3.30447	+0.005940
plann_pr357_kernel_control	2920	2	3.31116	3.30491	+0.006250
plann_pr357_kernel_control	2920	3	3.31177	3.30575	+0.006020
plann_pr357_kernel_control	2925	0	3.30985	3.30376	+0.006090
plann_pr357_kernel_control	2925	1	3.30968	3.30398	+0.005700
plann_pr357_kernel_control	2925	2	3.31045	3.30430	+0.006150
plann_pr357_kernel_control	2925	3	3.31082	3.30503	+0.005790
plann_pr357_kernel_control	2930	0	3.30956	3.30341	+0.006150
plann_pr357_kernel_control	2930	1	3.30932	3.30350	+0.005820
plann_pr357_kernel_control	2930	2	3.31022	3.30413	+0.006090
plann_pr357_kernel_control	2930	3	3.31083	3.30486	+0.005970
plann_pr357_kernel_control	2940	0	3.30775	3.30201	+0.005740
plann_pr357_kernel_control	2940	1	3.30789	3.30219	+0.005700
plann_pr357_kernel_control	2940	2	3.30866	3.30272	+0.005940
plann_pr357_kernel_control	2940	3	3.30905	3.30332	+0.005730
plann_pr357_kernel_control	2950	0	3.30658	3.30071	+0.005870
plann_pr357_kernel_control	2950	1	3.30640	3.30083	+0.005570
plann_pr357_kernel_control	2950	2	3.30728	3.30132	+0.005960
plann_pr357_kernel_control	2950	3	3.30771	3.30195	+0.005760
plann_pr357_kernel_control	2960	0	3.30517	3.29936	+0.005810
plann_pr357_kernel_control	2960	1	3.30508	3.29950	+0.005580
plann_pr357_kernel_control	2960	2	3.30578	3.29997	+0.005810
plann_pr357_kernel_control	2960	3	3.30616	3.30060	+0.005560
plann_pr357_kernel_control	2970	0	3.30355	3.29790	+0.005650
plann_pr357_kernel_control	2970	1	3.30362	3.29813	+0.005490
plann_pr357_kernel_control	2970	2	3.30425	3.29861	+0.005640
plann_pr357_kernel_control	2970	3	3.30475	3.29922	+0.005530
plann_pr357_kernel_control	2975	0	3.30301	3.29752	+0.005490
plann_pr357_kernel_control	2975	1	3.30319	3.29773	+0.005460
plann_pr357_kernel_control	2975	2	3.30378	3.29817	+0.005610
plann_pr357_kernel_control	2975	3	3.30421	3.29871	+0.005500
plann_pr357_kernel_control	2980	0	3.30230	3.29683	+0.005470
plann_pr357_kernel_control	2980	1	3.30256	3.29715	+0.005410
plann_pr357_kernel_control	2980	2	3.30305	3.29746	+0.005590
plann_pr357_kernel_control	2980	3	3.30371	3.29816	+0.005550
plann_pr357_kernel_control	2990	0	3.30128	3.29576	+0.005520
plann_pr357_kernel_control	2990	1	3.30148	3.29615	+0.005330
plann_pr357_kernel_control	2990	2	3.30206	3.29645	+0.005610
plann_pr357_kernel_control	2990	3	3.30269	3.29718	+0.005510
plann_pr357_kernel_control	3000	0	3.30000	3.29460	+0.005400
plann_pr357_kernel_control	3000	1	3.29996	3.29473	+0.005230
plann_pr357_kernel_control	3000	2	3.30068	3.29525	+0.005430
plann_pr357_kernel_control	3000	3	3.30108	3.29588	+0.005200
plann_pr357_kernel_control	3010	0	3.29836	3.29314	+0.005220
plann_pr357_kernel_control	3010	1	3.29847	3.29334	+0.005130
plann_pr357_kernel_control	3010	2	3.29916	3.29390	+0.005260
plann_pr357_kernel_control	3010	3	3.29965	3.29456	+0.005090
plann_pr357_kernel_control	3020	0	3.29659	3.29152	+0.005070
plann_pr357_kernel_control	3020	1	3.29668	3.29179	+0.004890
plann_pr357_kernel_control	3020	2	3.29742	3.29234	+0.005080
plann_pr357_kernel_control	3020	3	3.29786	3.29296	+0.004900
plann_pr357_kernel_control	3025	0	3.29569	3.29076	+0.004930
plann_pr357_kernel_control	3025	1	3.29594	3.29104	+0.004900
plann_pr357_kernel_control	3025	2	3.29653	3.29150	+0.005030
plann_pr357_kernel_control	3025	3	3.29694	3.29216	+0.004780
plann_pr357_kernel_control	3030	0	3.29505	3.29014	+0.004910
plann_pr357_kernel_control	3030	1	3.29522	3.29037	+0.004850
plann_pr357_kernel_control	3030	2	3.29573	3.29086	+0.004870
plann_pr357_kernel_control	3030	3	3.29625	3.29159	+0.004660
plann_pr357_kernel_control	3040	0	3.29378	3.28888	+0.004900
plann_pr357_kernel_control	3040	1	3.29391	3.28914	+0.004770
plann_pr357_kernel_control	3040	2	3.29450	3.28963	+0.004870
plann_pr357_kernel_control	3040	3	3.29488	3.29028	+0.004600
plann_pr357_kernel_control	3050	0	3.29266	3.28793	+0.004730
plann_pr357_kernel_control	3050	1	3.29279	3.28811	+0.004680
plann_pr357_kernel_control	3050	2	3.29340	3.28865	+0.004750
plann_pr357_kernel_control	3050	3	3.29387	3.28930	+0.004570
plann_pr357_kernel_control	3060	0	3.29175	3.28710	+0.004650
plann_pr357_kernel_control	3060	1	3.29191	3.28729	+0.004620
plann_pr357_kernel_control	3060	2	3.29245	3.28782	+0.004630
plann_pr357_kernel_control	3060	3	3.29289	3.28851	+0.004380
plann_pr357_kernel_control	3070	0	3.29029	3.28581	+0.004480
plann_pr357_kernel_control	3070	1	3.29040	3.28601	+0.004390
plann_pr357_kernel_control	3070	2	3.29091	3.28646	+0.004450
plann_pr357_kernel_control	3070	3	3.29131	3.28724	+0.004070
plann_pr357_kernel_control	3075	0	3.28965	3.28517	+0.004480
plann_pr357_kernel_control	3075	1	3.28979	3.28538	+0.004410
plann_pr357_kernel_control	3075	2	3.29029	3.28583	+0.004460
plann_pr357_kernel_control	3075	3	3.29072	3.28657	+0.004150
plann_pr357_kernel_control	3080	0	3.28901	3.28465	+0.004360
plann_pr357_kernel_control	3080	1	3.28910	3.28479	+0.004310
plann_pr357_kernel_control	3080	2	3.28966	3.28533	+0.004330
plann_pr357_kernel_control	3080	3	3.29008	3.28605	+0.004030
plann_pr357_kernel_control	3090	0	3.28799	3.28369	+0.004300
plann_pr357_kernel_control	3090	1	3.28801	3.28384	+0.004170
plann_pr357_kernel_control	3090	2	3.28862	3.28434	+0.004280
plann_pr357_kernel_control	3090	3	3.28905	3.28505	+0.004000
plann_pr357_kernel_control	3100	0	3.28672	3.28253	+0.004190
plann_pr357_kernel_control	3100	1	3.28680	3.28276	+0.004040
plann_pr357_kernel_control	3100	2	3.28736	3.28318	+0.004180
plann_pr357_kernel_control	3100	3	3.28795	3.28401	+0.003940
plann_pr357_kernel_control	3110	0	3.28569	3.28165	+0.004040
plann_pr357_kernel_control	3110	1	3.28579	3.28184	+0.003950
plann_pr357_kernel_control	3110	2	3.28638	3.28219	+0.004190
plann_pr357_kernel_control	3110	3	3.28670	3.28299	+0.003710
plann_pr357_kernel_control	3120	0	3.28465	3.28072	+0.003930
plann_pr357_kernel_control	3120	1	3.28475	3.28088	+0.003870
plann_pr357_kernel_control	3120	2	3.28528	3.28129	+0.003990
plann_pr357_kernel_control	3120	3	3.28572	3.28205	+0.003670
plann_pr357_kernel_control	3125	0	3.28403	3.28019	+0.003840
plann_pr357_kernel_control	3125	1	3.28415	3.28043	+0.003720
plann_pr357_kernel_control	3125	2	3.28466	3.28074	+0.003920
plann_pr357_kernel_control	3125	3	3.28511	3.28154	+0.003570
plann_pr357_kernel_control	3130	0	3.28339	3.27956	+0.003830
plann_pr357_kernel_control	3130	1	3.28347	3.27974	+0.003730
plann_pr357_kernel_control	3130	2	3.28408	3.28021	+0.003870
plann_pr357_kernel_control	3130	3	3.28458	3.28101	+0.003570
plann_pr357_kernel_control	3140	0	3.28230	3.27862	+0.003680
plann_pr357_kernel_control	3140	1	3.28240	3.27884	+0.003560
plann_pr357_kernel_control	3140	2	3.28300	3.27925	+0.003750
plann_pr357_kernel_control	3140	3	3.28342	3.28001	+0.003410
plann_pr357_kernel_control	3150	0	3.28132	3.27773	+0.003590
plann_pr357_kernel_control	3150	1	3.28141	3.27793	+0.003480
plann_pr357_kernel_control	3150	2	3.28201	3.27835	+0.003660
plann_pr357_kernel_control	3150	3	3.28244	3.27911	+0.003330
plann_pr357_kernel_control	3160	0	3.28037	3.27689	+0.003480
plann_pr357_kernel_control	3160	1	3.28048	3.27711	+0.003370
plann_pr357_kernel_control	3160	2	3.28100	3.27749	+0.003510
plann_pr357_kernel_control	3160	3	3.28150	3.27829	+0.003210
plann_pr357_kernel_control	3170	0	3.27954	3.27616	+0.003380
plann_pr357_kernel_control	3170	1	3.27966	3.27640	+0.003260
plann_pr357_kernel_control	3170	2	3.28022	3.27677	+0.003450
plann_pr357_kernel_control	3170	3	3.28071	3.27758	+0.003130
plann_pr357_kernel_control	3175	0	3.27907	3.27575	+0.003320
plann_pr357_kernel_control	3175	1	3.27919	3.27596	+0.003230
plann_pr357_kernel_control	3175	2	3.27975	3.27638	+0.003370
plann_pr357_kernel_control	3175	3	3.28024	3.27719	+0.003050
plann_pr357_kernel_control	3180	0	3.27872	3.27543	+0.003290
plann_pr357_kernel_control	3180	1	3.27886	3.27562	+0.003240
plann_pr357_kernel_control	3180	2	3.27939	3.27604	+0.003350
plann_pr357_kernel_control	3180	3	3.27985	3.27684	+0.003010
plann_pr357_kernel_control	3190	0	3.27786	3.27469	+0.003170
plann_pr357_kernel_control	3190	1	3.27800	3.27488	+0.003120
plann_pr357_kernel_control	3190	2	3.27852	3.27532	+0.003200
plann_pr357_kernel_control	3190	3	3.27900	3.27609	+0.002910
plann_pr357_kernel_control	3200	0	3.27713	3.27404	+0.003090
plann_pr357_kernel_control	3200	1	3.27727	3.27429	+0.002980
plann_pr357_kernel_control	3200	2	3.27781	3.27468	+0.003130
plann_pr357_kernel_control	3200	3	3.27828	3.27543	+0.002850
plann_pr357_kernel_control	3210	0	3.27651	3.27348	+0.003030
plann_pr357_kernel_control	3210	1	3.27664	3.27373	+0.002910
plann_pr357_kernel_control	3210	2	3.27719	3.27413	+0.003060
plann_pr357_kernel_control	3210	3	3.27766	3.27489	+0.002770
plann_pr357_kernel_control	3220	0	3.27595	3.27299	+0.002960
plann_pr357_kernel_control	3220	1	3.27606	3.27321	+0.002850
plann_pr357_kernel_control	3220	2	3.27662	3.27361	+0.003010
plann_pr357_kernel_control	3220	3	3.27707	3.27436	+0.002710
plann_pr357_kernel_control	3225	0	3.27572	3.27279	+0.002930
plann_pr357_kernel_control	3225	1	3.27584	3.27301	+0.002830
plann_pr357_kernel_control	3225	2	3.27641	3.27342	+0.002990
plann_pr357_kernel_control	3225	3	3.27685	3.27416	+0.002690
plann_pr357_kernel_control	3230	0	3.27555	3.27266	+0.002890
plann_pr357_kernel_control	3230	1	3.27568	3.27286	+0.002820
plann_pr357_kernel_control	3230	2	3.27624	3.27327	+0.002970
plann_pr357_kernel_control	3230	3	3.27670	3.27403	+0.002670
plann_pr357_kernel_control	3240	0	3.27525	3.27240	+0.002850
plann_pr357_kernel_control	3240	1	3.27537	3.27261	+0.002760
plann_pr357_kernel_control	3240	2	3.27593	3.27300	+0.002930
plann_pr357_kernel_control	3240	3	3.27638	3.27376	+0.002620
plann_pr357_kernel_control	3250	0	3.27511	3.27228	+0.002830
plann_pr357_kernel_control	3250	1	3.27524	3.27250	+0.002740
plann_pr357_kernel_control	3250	2	3.27579	3.27289	+0.002900
plann_pr357_kernel_control	3250	3	3.27625	3.27365	+0.002600
