# REQ-023 runtime LR trace (one-update trace, assignment 0, SHA 25d3208). GATE PASS both forks:
# loaded pre-update state == source (model exact, optim tensors 0.000e+00); 72 entries in sorted_index order;
# every sorted_index->name->multiplier == assignments.tsv assignment_0; every effective_lr == 0.025*multiplier.
fork	sorted_index	name	multiplier	effective_lr	expected_0.025xmult	match
1500	0	blocks.0.mlp.fc.weight	1.0	0.025	0.025	OK
1500	1	blocks.1.mlp.fc.weight	0.6	0.015	0.015	OK
1500	2	blocks.2.mlp.fc.weight	0.6	0.015	0.015	OK
1500	3	blocks.3.mlp.fc.weight	0.6	0.015	0.015	OK
1500	4	blocks.4.mlp.fc.weight	1.0	0.025	0.025	OK
1500	5	blocks.5.mlp.fc.weight	1.7	0.0425	0.0425	OK
1500	6	blocks.6.mlp.fc.weight	1.0	0.025	0.025	OK
1500	7	blocks.7.mlp.fc.weight	1.0	0.025	0.025	OK
1500	8	blocks.8.mlp.fc.weight	1.7	0.0425	0.0425	OK
1500	9	blocks.9.mlp.fc.weight	1.7	0.0425	0.0425	OK
1500	10	blocks.10.mlp.fc.weight	0.6	0.015	0.015	OK
1500	11	blocks.11.mlp.fc.weight	1.7	0.0425	0.0425	OK
1500	12	blocks.0.mlp.proj.weight	1.7	0.0425	0.0425	OK
1500	13	blocks.1.mlp.proj.weight	1.7	0.0425	0.0425	OK
1500	14	blocks.2.mlp.proj.weight	1.0	0.025	0.025	OK
1500	15	blocks.3.mlp.proj.weight	1.0	0.025	0.025	OK
1500	16	blocks.4.mlp.proj.weight	1.7	0.0425	0.0425	OK
1500	17	blocks.5.mlp.proj.weight	0.6	0.015	0.015	OK
1500	18	blocks.6.mlp.proj.weight	0.6	0.015	0.015	OK
1500	19	blocks.7.mlp.proj.weight	1.7	0.0425	0.0425	OK
1500	20	blocks.8.mlp.proj.weight	1.0	0.025	0.025	OK
1500	21	blocks.9.mlp.proj.weight	0.6	0.015	0.015	OK
1500	22	blocks.10.mlp.proj.weight	0.6	0.015	0.015	OK
1500	23	blocks.11.mlp.proj.weight	1.0	0.025	0.025	OK
1500	24	blocks.0.attn.q.weight	1.0	0.025	0.025	OK
1500	25	blocks.0.attn.k.weight	1.0	0.025	0.025	OK
1500	26	blocks.0.attn.v.weight	1.0	0.025	0.025	OK
1500	27	blocks.0.attn.proj.weight	0.6	0.015	0.015	OK
1500	28	blocks.1.attn.q.weight	1.7	0.0425	0.0425	OK
1500	29	blocks.1.attn.k.weight	1.7	0.0425	0.0425	OK
1500	30	blocks.1.attn.v.weight	1.0	0.025	0.025	OK
1500	31	blocks.1.attn.proj.weight	1.7	0.0425	0.0425	OK
1500	32	blocks.2.attn.q.weight	1.0	0.025	0.025	OK
1500	33	blocks.2.attn.k.weight	0.6	0.015	0.015	OK
1500	34	blocks.2.attn.v.weight	1.7	0.0425	0.0425	OK
1500	35	blocks.2.attn.proj.weight	1.7	0.0425	0.0425	OK
1500	36	blocks.3.attn.q.weight	0.6	0.015	0.015	OK
1500	37	blocks.3.attn.k.weight	0.6	0.015	0.015	OK
1500	38	blocks.3.attn.v.weight	0.6	0.015	0.015	OK
1500	39	blocks.3.attn.proj.weight	1.0	0.025	0.025	OK
1500	40	blocks.4.attn.q.weight	0.6	0.015	0.015	OK
1500	41	blocks.4.attn.k.weight	1.0	0.025	0.025	OK
1500	42	blocks.4.attn.v.weight	0.6	0.015	0.015	OK
1500	43	blocks.4.attn.proj.weight	1.7	0.0425	0.0425	OK
1500	44	blocks.5.attn.q.weight	1.7	0.0425	0.0425	OK
1500	45	blocks.5.attn.k.weight	0.6	0.015	0.015	OK
1500	46	blocks.5.attn.v.weight	1.7	0.0425	0.0425	OK
1500	47	blocks.5.attn.proj.weight	0.6	0.015	0.015	OK
1500	48	blocks.6.attn.q.weight	1.0	0.025	0.025	OK
1500	49	blocks.6.attn.k.weight	1.7	0.0425	0.0425	OK
1500	50	blocks.6.attn.v.weight	0.6	0.015	0.015	OK
1500	51	blocks.6.attn.proj.weight	0.6	0.015	0.015	OK
1500	52	blocks.7.attn.q.weight	1.0	0.025	0.025	OK
1500	53	blocks.7.attn.k.weight	0.6	0.015	0.015	OK
1500	54	blocks.7.attn.v.weight	1.0	0.025	0.025	OK
1500	55	blocks.7.attn.proj.weight	1.7	0.0425	0.0425	OK
1500	56	blocks.8.attn.q.weight	0.6	0.015	0.015	OK
1500	57	blocks.8.attn.k.weight	1.7	0.0425	0.0425	OK
1500	58	blocks.8.attn.v.weight	1.7	0.0425	0.0425	OK
1500	59	blocks.8.attn.proj.weight	1.0	0.025	0.025	OK
1500	60	blocks.9.attn.q.weight	1.7	0.0425	0.0425	OK
1500	61	blocks.9.attn.k.weight	1.0	0.025	0.025	OK
1500	62	blocks.9.attn.v.weight	0.6	0.015	0.015	OK
1500	63	blocks.9.attn.proj.weight	1.0	0.025	0.025	OK
1500	64	blocks.10.attn.q.weight	1.7	0.0425	0.0425	OK
1500	65	blocks.10.attn.k.weight	1.0	0.025	0.025	OK
1500	66	blocks.10.attn.v.weight	1.7	0.0425	0.0425	OK
1500	67	blocks.10.attn.proj.weight	0.6	0.015	0.015	OK
1500	68	blocks.11.attn.q.weight	0.6	0.015	0.015	OK
1500	69	blocks.11.attn.k.weight	1.7	0.0425	0.0425	OK
1500	70	blocks.11.attn.v.weight	1.0	0.025	0.025	OK
1500	71	blocks.11.attn.proj.weight	1.0	0.025	0.025	OK
2000	0	blocks.0.mlp.fc.weight	1.0	0.025	0.025	OK
2000	1	blocks.1.mlp.fc.weight	0.6	0.015	0.015	OK
2000	2	blocks.2.mlp.fc.weight	0.6	0.015	0.015	OK
2000	3	blocks.3.mlp.fc.weight	0.6	0.015	0.015	OK
2000	4	blocks.4.mlp.fc.weight	1.0	0.025	0.025	OK
2000	5	blocks.5.mlp.fc.weight	1.7	0.0425	0.0425	OK
2000	6	blocks.6.mlp.fc.weight	1.0	0.025	0.025	OK
2000	7	blocks.7.mlp.fc.weight	1.0	0.025	0.025	OK
2000	8	blocks.8.mlp.fc.weight	1.7	0.0425	0.0425	OK
2000	9	blocks.9.mlp.fc.weight	1.7	0.0425	0.0425	OK
2000	10	blocks.10.mlp.fc.weight	0.6	0.015	0.015	OK
2000	11	blocks.11.mlp.fc.weight	1.7	0.0425	0.0425	OK
2000	12	blocks.0.mlp.proj.weight	1.7	0.0425	0.0425	OK
2000	13	blocks.1.mlp.proj.weight	1.7	0.0425	0.0425	OK
2000	14	blocks.2.mlp.proj.weight	1.0	0.025	0.025	OK
2000	15	blocks.3.mlp.proj.weight	1.0	0.025	0.025	OK
2000	16	blocks.4.mlp.proj.weight	1.7	0.0425	0.0425	OK
2000	17	blocks.5.mlp.proj.weight	0.6	0.015	0.015	OK
2000	18	blocks.6.mlp.proj.weight	0.6	0.015	0.015	OK
2000	19	blocks.7.mlp.proj.weight	1.7	0.0425	0.0425	OK
2000	20	blocks.8.mlp.proj.weight	1.0	0.025	0.025	OK
2000	21	blocks.9.mlp.proj.weight	0.6	0.015	0.015	OK
2000	22	blocks.10.mlp.proj.weight	0.6	0.015	0.015	OK
2000	23	blocks.11.mlp.proj.weight	1.0	0.025	0.025	OK
2000	24	blocks.0.attn.q.weight	1.0	0.025	0.025	OK
2000	25	blocks.0.attn.k.weight	1.0	0.025	0.025	OK
2000	26	blocks.0.attn.v.weight	1.0	0.025	0.025	OK
2000	27	blocks.0.attn.proj.weight	0.6	0.015	0.015	OK
2000	28	blocks.1.attn.q.weight	1.7	0.0425	0.0425	OK
2000	29	blocks.1.attn.k.weight	1.7	0.0425	0.0425	OK
2000	30	blocks.1.attn.v.weight	1.0	0.025	0.025	OK
2000	31	blocks.1.attn.proj.weight	1.7	0.0425	0.0425	OK
2000	32	blocks.2.attn.q.weight	1.0	0.025	0.025	OK
2000	33	blocks.2.attn.k.weight	0.6	0.015	0.015	OK
2000	34	blocks.2.attn.v.weight	1.7	0.0425	0.0425	OK
2000	35	blocks.2.attn.proj.weight	1.7	0.0425	0.0425	OK
2000	36	blocks.3.attn.q.weight	0.6	0.015	0.015	OK
2000	37	blocks.3.attn.k.weight	0.6	0.015	0.015	OK
2000	38	blocks.3.attn.v.weight	0.6	0.015	0.015	OK
2000	39	blocks.3.attn.proj.weight	1.0	0.025	0.025	OK
2000	40	blocks.4.attn.q.weight	0.6	0.015	0.015	OK
2000	41	blocks.4.attn.k.weight	1.0	0.025	0.025	OK
2000	42	blocks.4.attn.v.weight	0.6	0.015	0.015	OK
2000	43	blocks.4.attn.proj.weight	1.7	0.0425	0.0425	OK
2000	44	blocks.5.attn.q.weight	1.7	0.0425	0.0425	OK
2000	45	blocks.5.attn.k.weight	0.6	0.015	0.015	OK
2000	46	blocks.5.attn.v.weight	1.7	0.0425	0.0425	OK
2000	47	blocks.5.attn.proj.weight	0.6	0.015	0.015	OK
2000	48	blocks.6.attn.q.weight	1.0	0.025	0.025	OK
2000	49	blocks.6.attn.k.weight	1.7	0.0425	0.0425	OK
2000	50	blocks.6.attn.v.weight	0.6	0.015	0.015	OK
2000	51	blocks.6.attn.proj.weight	0.6	0.015	0.015	OK
2000	52	blocks.7.attn.q.weight	1.0	0.025	0.025	OK
2000	53	blocks.7.attn.k.weight	0.6	0.015	0.015	OK
2000	54	blocks.7.attn.v.weight	1.0	0.025	0.025	OK
2000	55	blocks.7.attn.proj.weight	1.7	0.0425	0.0425	OK
2000	56	blocks.8.attn.q.weight	0.6	0.015	0.015	OK
2000	57	blocks.8.attn.k.weight	1.7	0.0425	0.0425	OK
2000	58	blocks.8.attn.v.weight	1.7	0.0425	0.0425	OK
2000	59	blocks.8.attn.proj.weight	1.0	0.025	0.025	OK
2000	60	blocks.9.attn.q.weight	1.7	0.0425	0.0425	OK
2000	61	blocks.9.attn.k.weight	1.0	0.025	0.025	OK
2000	62	blocks.9.attn.v.weight	0.6	0.015	0.015	OK
2000	63	blocks.9.attn.proj.weight	1.0	0.025	0.025	OK
2000	64	blocks.10.attn.q.weight	1.7	0.0425	0.0425	OK
2000	65	blocks.10.attn.k.weight	1.0	0.025	0.025	OK
2000	66	blocks.10.attn.v.weight	1.7	0.0425	0.0425	OK
2000	67	blocks.10.attn.proj.weight	0.6	0.015	0.015	OK
2000	68	blocks.11.attn.q.weight	0.6	0.015	0.015	OK
2000	69	blocks.11.attn.k.weight	1.7	0.0425	0.0425	OK
2000	70	blocks.11.attn.v.weight	1.0	0.025	0.025	OK
2000	71	blocks.11.attn.proj.weight	1.0	0.025	0.025	OK
