# REQ-035 Arm A seed replication. Per-matrix log10(C) (equilibrium curvature intercept, lam_eq=mean top_eigenvalue over steps 2250-2750; fit log10 lam = log10 C - k log10 s over s in {0.6,1.0,1.7}) for seeds 0-3, + k(seed0).
matrix	logC_s0	logC_s1	logC_s2	logC_s3	k_s0	max_pair_ddex
blocks.0.attn.k.weight	4.2334	4.0514	4.3580	4.5536	0.898	0.5022
blocks.0.attn.proj.weight	4.2523	4.1235	4.3895	4.1742	-0.047	0.2660
blocks.0.attn.q.weight	4.2934	4.0338	4.3263	4.3562	0.933	0.3224
blocks.0.attn.v.weight	4.5861	4.4573	4.6350	4.6641	0.909	0.2068
blocks.0.mlp.fc.weight	4.2897	4.1252	4.2474	4.1071	-0.307	0.1827
blocks.0.mlp.proj.weight	4.6757	4.6299	4.6456	4.5675	0.710	0.1082
blocks.1.attn.k.weight	4.0278	4.2915	4.1755	4.2487	1.354	0.2636
blocks.1.attn.proj.weight	3.8099	3.7049	4.0567	3.8419	0.401	0.3518
blocks.1.attn.q.weight	4.1639	4.0985	4.0201	4.0298	1.474	0.1437
blocks.1.attn.v.weight	4.2101	4.0898	4.2455	4.1790	1.364	0.1556
blocks.1.mlp.fc.weight	3.7848	3.7894	3.9337	3.8801	0.681	0.1488
blocks.1.mlp.proj.weight	4.0958	4.1719	4.2655	4.2217	0.642	0.1696
blocks.10.attn.k.weight	3.9702	4.2369	3.9691	4.1125	1.281	0.2678
blocks.10.attn.proj.weight	3.8637	4.0084	3.8587	4.0518	1.202	0.1931
blocks.10.attn.q.weight	3.9514	4.3008	4.0933	4.2067	1.199	0.3494
blocks.10.attn.v.weight	4.0278	4.2281	4.0834	4.3957	2.002	0.3678
blocks.10.mlp.fc.weight	3.9381	4.0257	3.9693	4.1593	1.157	0.2212
blocks.10.mlp.proj.weight	4.1283	4.3489	4.3042	4.3523	1.359	0.2241
blocks.11.attn.k.weight	4.1003	4.0393	3.9721	4.2442	1.357	0.2721
blocks.11.attn.proj.weight	4.7084	4.6657	4.5709	4.7680	1.292	0.1971
blocks.11.attn.q.weight	4.0807	3.9182	4.1175	4.1042	1.070	0.1993
blocks.11.attn.v.weight	4.1291	4.1427	3.9165	4.2514	1.402	0.3349
blocks.11.mlp.fc.weight	4.6856	4.6806	4.6201	4.6070	1.631	0.0786
blocks.11.mlp.proj.weight	5.6789	5.6939	5.7135	5.7515	1.684	0.0726
blocks.2.attn.k.weight	3.9871	3.7048	4.0032	3.9610	1.513	0.2984
blocks.2.attn.proj.weight	3.4727	3.5434	3.6975	3.5386	1.051	0.2249
blocks.2.attn.q.weight	4.2194	3.6336	4.0682	3.9779	1.662	0.5858
blocks.2.attn.v.weight	4.3901	4.2490	4.3772	4.1993	2.210	0.1909
blocks.2.mlp.fc.weight	3.8798	3.8256	3.9952	3.9933	1.275	0.1697
blocks.2.mlp.proj.weight	5.1938	4.8748	5.2557	5.1166	1.694	0.3809
blocks.3.attn.k.weight	4.0407	4.1489	4.3740	4.1863	1.518	0.3333
blocks.3.attn.proj.weight	3.4651	3.5426	3.6929	3.4343	0.980	0.2586
blocks.3.attn.q.weight	4.2229	4.4463	4.6631	4.4151	1.887	0.4401
blocks.3.attn.v.weight	4.5696	4.6377	4.5162	4.2489	1.896	0.3888
blocks.3.mlp.fc.weight	4.0787	4.0361	4.1251	4.0298	0.779	0.0953
blocks.3.mlp.proj.weight	4.9253	5.0321	4.9504	4.6720	1.899	0.3601
blocks.4.attn.k.weight	4.0027	3.8964	4.1265	4.1358	1.426	0.2394
blocks.4.attn.proj.weight	3.4590	3.5244	3.7194	3.5296	1.160	0.2605
blocks.4.attn.q.weight	4.1726	4.0145	4.1952	4.1698	1.811	0.1807
blocks.4.attn.v.weight	4.4227	4.4068	4.5349	4.6077	2.335	0.2009
blocks.4.mlp.fc.weight	4.0821	4.0645	4.0285	4.1159	1.354	0.0873
blocks.4.mlp.proj.weight	4.0570	4.6874	4.4901	4.7739	0.766	0.7169
blocks.5.attn.k.weight	3.7201	3.9627	3.9024	4.0511	1.333	0.3311
blocks.5.attn.proj.weight	3.6237	3.7297	3.5287	3.5223	1.226	0.2074
blocks.5.attn.q.weight	4.1519	4.2696	4.1880	4.1569	1.311	0.1177
blocks.5.attn.v.weight	4.3305	4.4961	4.2912	4.5765	2.004	0.2854
blocks.5.mlp.fc.weight	3.9697	4.0391	4.0358	4.1051	1.306	0.1354
blocks.5.mlp.proj.weight	3.9917	3.9144	3.8169	3.8904	1.060	0.1748
blocks.6.attn.k.weight	4.1476	3.9513	3.9321	3.6385	1.189	0.5091
blocks.6.attn.proj.weight	3.5134	3.4775	3.3773	3.4420	0.982	0.1361
blocks.6.attn.q.weight	4.2587	4.0644	4.1671	4.0272	0.906	0.2315
blocks.6.attn.v.weight	4.4315	4.3586	4.2609	4.3427	2.208	0.1706
blocks.6.mlp.fc.weight	3.9700	3.9509	3.9430	4.0264	1.282	0.0833
blocks.6.mlp.proj.weight	3.7754	3.7575	3.7982	3.7633	1.290	0.0408
blocks.7.attn.k.weight	3.9957	3.9163	3.9701	3.9982	1.887	0.0818
blocks.7.attn.proj.weight	3.4174	3.2176	3.3358	3.3940	1.100	0.1998
blocks.7.attn.q.weight	4.3335	4.3075	4.2658	4.1552	1.104	0.1782
blocks.7.attn.v.weight	4.2405	4.5325	4.2983	4.4852	1.967	0.2920
blocks.7.mlp.fc.weight	4.0309	3.9908	3.9414	3.9158	1.018	0.1151
blocks.7.mlp.proj.weight	3.7491	3.7144	3.7404	3.7553	1.296	0.0409
blocks.8.attn.k.weight	4.1873	3.9560	4.2681	4.1076	1.269	0.3121
blocks.8.attn.proj.weight	3.4133	3.3849	3.6786	3.4842	0.940	0.2937
blocks.8.attn.q.weight	4.3304	4.1329	4.4913	4.4705	1.001	0.3584
blocks.8.attn.v.weight	4.2164	4.4201	4.2240	4.3671	1.961	0.2038
blocks.8.mlp.fc.weight	3.8732	4.0721	4.0781	4.1194	0.964	0.2462
blocks.8.mlp.proj.weight	3.7223	3.7512	3.7374	3.7775	1.337	0.0552
blocks.9.attn.k.weight	4.0245	4.0367	3.8259	4.0237	1.287	0.2109
blocks.9.attn.proj.weight	3.7647	3.7041	3.5950	3.5743	1.016	0.1905
blocks.9.attn.q.weight	4.2090	4.3092	3.8821	4.0609	1.178	0.4271
blocks.9.attn.v.weight	4.1858	4.2422	4.0656	4.2415	1.945	0.1766
blocks.9.mlp.fc.weight	4.1693	4.0330	4.0686	3.9615	1.113	0.2078
blocks.9.mlp.proj.weight	3.8864	3.8516	3.8838	3.8267	1.473	0.0597
embed.weight	0.5959	0.4513	0.8038	0.7916	0.919	0.3526
proj.weight	4.8489	4.7760	4.8455	4.8991	1.015	0.1232
